"","PID","HHID","Sex","Ethnicity","Age","BMI","Grip","Religion","ReligionPublic","ReligionPrivate","GodInequality","EducationYears","PeaceVote","AbortionLegal","QueerMarriageOK","DrugsLegal","GiveOther","LeaveOther","ReduceOther","ChildrenAlive","Ethnicity_2","hh_wealth","RelPub","RelPri","GodIneq","A_S"
"1","A16","J4N","F","MESTIZO",55.1666666666667,26.897670187097,"UNKNOWN","CATHOLIC","AFEWTIMESPERMONTH","EVERYDAY","YES",5,"AGREE","DISAGREE","DONTKNOW","AGREE",10,120,2,5,"COLOMBIAN",3100.3,2,1,1,1
"2","A64","DD2","F","MESTIZO",22,25.7210322145387,"UNKNOWN","CATHOLIC","AFEWTIMESPERYEAR","EVERYDAY","NO",13,"DISAGREE","AGREE","DISAGREE","AGREE",9,139,0,0,NA,12244,2,1,2,6
"3","A82","GA8","F","MESTIZO",18.6666666666667,20.956607495069,"UNKNOWN","CATHOLIC","ONCEPERWEEK","MORETHANONCEPERDAY","NO",11,"AGREE","AGREE","AGREE","DISAGREE",9,127,0,0,"COLOMBIAN",6033.8,1,1,2,23
"4","ACE","D5R","F","MESTIZO",35.8333333333333,20.077747874749,"UNKNOWN","CATHOLIC","AFEWTIMESPERMONTH","AFEWTIMESPERWEEK","NO",11,"DISAGREE","DISAGREE","DISAGREE","DISAGREE",10,103,0,2,"COLOMBIAN",10630,2,2,2,6
"5","ADZ","KHM","F","MESTIZO",29.6666666666667,22.5827091723437,"UNKNOWN","CATHOLIC","AFEWTIMESPERMONTH","EVERYDAY","YES",11,"DISAGREE","DONTKNOW","AGREE","DISAGREE",7,96,0,3,"COLOMBIAN",6212,2,1,1,15
"6","AQV","GT5","M","MESTIZO",19.1666666666667,24.6221837490898,"UNKNOWN","CATHOLIC","AFEWTIMESPERYEAR","EVERYDAY","DONTKNOW",11.5,"DISAGREE","AGREE","AGREE","DISAGREE",9,139,0,0,"COLOMBIAN",10703,2,1,2,46
"7","AV5","BFB","F","MESTIZO",22.5833333333333,27.5550575960226,"UNKNOWN","SPIRITUAL","AFEWTIMESPERYEAR","AFEWTIMESPERWEEK","NO",10.5,"DISAGREE","AGREE","DISAGREE","AGREE",9,136,0,0,"COLOMBIAN",23550,2,2,2,2
"8","B93","MTJ","F","MESTIZO",39.9166666666667,28.0654174884944,"UNKNOWN","SPIRITUAL","NEVER","EVERYDAY","YES",22,"DISAGREE","AGREE","DISAGREE","DISAGREE",10,20,0,3,"VENEZUELAN",3150,2,1,1,3
"9","BGX","RJ9","M","MESTIZO",81.9166666666667,23.6549165120594,"UNKNOWN","CATHOLIC","ONCEPERWEEK","EVERYDAY","DONTKNOW",6,"AGREE","DISAGREE","DISAGREE","DISAGREE",9,139,0,7,"COLOMBIAN",7010,1,1,2,6
"10","BMS","MTJ","F","MESTIZO",31.5833333333333,35.1953125,"UNKNOWN","CATHOLIC","AFEWTIMESPERYEAR","EVERYDAY","NO",8,"DONTKNOW","DISAGREE","AGREE","DISAGREE",6,2,0,3,"VENEZUELAN",3150,2,1,2,2
"11","BPJ","F91","F","MESTIZO",20.0833333333333,26.7036235803137,"UNKNOWN","CATHOLIC","AFEWTIMESPERYEAR","AFEWTIMESPERMONTH","YES",11,"AGREE","DISAGREE","DISAGREE","DISAGREE",10,125,7,1,NA,8858,2,2,1,7
"12","BTK","MTJ","M","MESTIZO",65.6666666666667,26.2252284324196,"UNKNOWN","CATHOLIC","ONCEPERWEEK","EVERYDAY","NO",11,"DISAGREE","AGREE","DONTKNOW","DISAGREE",0,0,0,11,"VENEZUELAN",3150,1,1,2,10
"13","CBB","DY8","F","MESTIZO",52.5,23.1111111111111,"UNKNOWN","CATHOLIC","AFEWTIMESPERYEAR","NEVER","YES",5,"AGREE","AGREE","AGREE","AGREE",10,0,0,2,NA,22075,2,2,1,6
"14","CDP","Q06","M","MESTIZO",19.3333333333333,22.8623685413809,"UNKNOWN","CATHOLIC","NEVER","AFEWTIMESPERMONTH","NO",11,"AGREE","AGREE","AGREE","AGREE",10,139,1,0,"COLOMBIAN",6014,2,2,2,28
"15","CRF","CNK","F","MESTIZO",46.8333333333333,28.7641341003769,"UNKNOWN","CATHOLIC","AFEWTIMESPERMONTH","AFEWTIMESPERMONTH","YES",5,"DISAGREE","DISAGREE","AGREE","DISAGREE",8,57,3,3,NA,13860,2,2,1,0
"16","D00","C6N","M","MESTIZO",33.25,24.8370181405896,"UNKNOWN","CATHOLIC","AFEWTIMESPERMONTH","AFEWTIMESPERMONTH","YES",11,"DISAGREE","DISAGREE","AGREE","DISAGREE",9,29,0,2,"COLOMBIAN",13160,2,2,1,25
"17","D01","JNH","M","MESTIZO",21.3333333333333,18.9197530864197,"UNKNOWN","CHRISTIAN","ONCEPERWEEK","EVERYDAY","YES",6,"DONTKNOW","DISAGREE","DISAGREE","DISAGREE",10,5,0,0,"VENEZUELAN",11802,1,1,1,19
"18","D7A","DMD","M","MESTIZO",76.1666666666667,21.1905143406505,"UNKNOWN","CHRISTIAN","MORETHANONCEPERWEEK","EVERYDAY","YES",0,"AGREE","DISAGREE","DISAGREE","DISAGREE",9,0,2,1,"COLOMBIAN",20582,1,1,1,6
"19","D85","Q87","M","MESTIZO",17.9166666666667,25.4753955581362,"UNKNOWN","NONE","ONCEPERWEEK","NEVER","NO",11,"AGREE","DISAGREE","AGREE","DISAGREE",0,96,0,0,"COLOMBIAN",8560,1,2,2,21
"20","DE2","KHM","M","MESTIZO",43.3333333333333,26.6727632982777,"UNKNOWN","CATHOLIC","AFEWTIMESPERMONTH","AFEWTIMESPERMONTH","NO",13,"AGREE","DISAGREE","DISAGREE","DISAGREE",6,73,0,2,"COLOMBIAN",6212,2,2,2,31
"21","DJ9","FMS","F","MESTIZO",42.0833333333333,24.6959237343853,"UNKNOWN","CATHOLIC","AFEWTIMESPERYEAR","EVERYDAY","NO",13,"DISAGREE","DISAGREE","AGREE","DISAGREE",9,73,0,2,"COLOMBIAN",29332,2,1,2,7
"22","E3U","YVT","F","MESTIZO",41.6666666666667,24.234898253485,"UNKNOWN","CATHOLIC","ONCEPERWEEK","EVERYDAY","NO",11,"DISAGREE","DISAGREE","DISAGREE","DISAGREE",6,90,0,2,"COLOMBIAN",13710,1,1,2,8
"23","E4T","UT5","F","MESTIZO",22.4166666666667,22.038567493113,"UNKNOWN","NONE","AFEWTIMESPERYEAR","NEVER","NO",13.5,"DONTKNOW","DISAGREE","AGREE","DISAGREE",10,128,0,0,"COLOMBIAN",29600,2,2,2,24
"24","EEJ","XMM","F","MESTIZO",16.25,24.6221837490898,"UNKNOWN","CATHOLIC","NEVER","EVERYDAY","YES",11,"DISAGREE","DISAGREE","AGREE","DISAGREE",10,129,0,0,"COLOMBIAN",6860,2,1,1,19
"25","FFJ","DD2","F","MESTIZO",45,29.9030287496262,"UNKNOWN","CATHOLIC","AFEWTIMESPERMONTH","EVERYDAY","NO",7,"DONTKNOW","DISAGREE","DISAGREE","DISAGREE",9,139,0,3,"COLOMBIAN",12244,2,1,2,3
"26","FPP","WN6","F","MESTIZO",49.0833333333333,33.1067533864737,"UNKNOWN","CATHOLIC","AFEWTIMESPERYEAR","AFEWTIMESPERWEEK","YES",0,"DONTKNOW","DISAGREE","DISAGREE","DISAGREE",9,0,0,6,"COLOMBIAN",535,2,2,1,1
"27","FSK","JTQ","M","MESTIZO",79.5,20.5282161548136,"UNKNOWN","CATHOLIC","AFEWTIMESPERMONTH","EVERYDAY","YES",2,"AGREE","DISAGREE","DISAGREE","DISAGREE",10,83,0,8,"COLOMBIAN",300,2,1,1,10
"28","FTC","CTV","F","MESTIZO",55.3333333333333,33.5900104058273,"UNKNOWN","CHRISTIAN","ONCEPERWEEK","EVERYDAY","NO",3,"DONTKNOW","DISAGREE","DISAGREE","DISAGREE",8,0,10,8,"VENEZUELAN",4500,1,1,2,0
"29","FYB","C2T","M","MESTIZO",57.0833333333333,24.765625,"UNKNOWN","CATHOLIC","NEVER","AFEWTIMESPERMONTH","DONTKNOW",3,"DISAGREE","DISAGREE","DISAGREE","DISAGREE",9,78,0,0,"COLOMBIAN",5520,2,2,2,9
"30","G87","NUX","M","MESTIZO",39.4166666666667,26.8135904499541,"UNKNOWN","CATHOLIC","AFEWTIMESPERYEAR","EVERYDAY","NO",5,"AGREE","AGREE","AGREE","DISAGREE",10,130,7,1,"COLOMBIAN",34600,2,1,2,9
"31","G8X","XNE","F","MESTIZO",42.75,24.4138977905212,"UNKNOWN","CATHOLIC","AFEWTIMESPERMONTH","AFEWTIMESPERWEEK","YES",5,"DISAGREE","DISAGREE","DISAGREE","DISAGREE",7,52,7,4,"COLOMBIAN",3370,2,2,1,3
"32","GAN","Y4S","F","MESTIZO",71.5833333333333,25.2240890049998,"UNKNOWN","CATHOLIC","AFEWTIMESPERMONTH","EVERYDAY","YES",2,"DONTKNOW","DISAGREE","DISAGREE","DISAGREE",4,63,0,6,"COLOMBIAN",4752,2,1,1,5
"33","GHR","GT5","F","MESTIZO",18.1666666666667,17.96875,"UNKNOWN","CATHOLIC","AFEWTIMESPERMONTH","AFEWTIMESPERMONTH","NO",11,"DISAGREE","AGREE","AGREE","AGREE",6,139,0,0,"COLOMBIAN",10703,2,2,2,34
"34","GJ3","WN6","F","MESTIZO",18.8333333333333,23.6385255648038,"UNKNOWN","SPIRITUAL","AFEWTIMESPERMONTH","EVERYDAY","NO",11,"AGREE","DISAGREE","AGREE","DISAGREE",9,100,0,1,NA,535,2,1,2,20
"35","GPM","D6D","F","MESTIZO",44.3333333333333,25.203981374685,"UNKNOWN","CATHOLIC","ONCEPERWEEK","EVERYDAY","NO",11,"DISAGREE","DISAGREE","AGREE","DISAGREE",10,139,0,2,NA,16701,1,1,2,3
"36","GVM","YVT","M","MESTIZO",41.75,25.6543723973825,"UNKNOWN","CATHOLIC","AFEWTIMESPERMONTH","AFEWTIMESPERMONTH","YES",11,"DISAGREE","DONTKNOW","DONTKNOW","DISAGREE",9,135,0,2,NA,13710,2,2,1,10
"37","GWF","EUJ","M","MESTIZO",81.5,25.7210322145387,"UNKNOWN","CATHOLIC","ONCEPERWEEK","EVERYDAY","DONTKNOW",3,"DISAGREE","DONTKNOW","DISAGREE","DISAGREE",10,13,0,0,"COLOMBIAN",3101.7,1,1,2,8
"38","GWU","D6D","M","MESTIZO",19.4166666666667,20.0692041522491,"UNKNOWN","CATHOLIC","AFEWTIMESPERMONTH","NEVER","NO",13,"DISAGREE","AGREE","DISAGREE","DISAGREE",10,139,0,0,"COLOMBIAN",16701,2,2,2,62
"39","GWW","B8Y","F","MESTIZO",30.8333333333333,23.9168241190921,"UNKNOWN","CATHOLIC","ONCEPERWEEK","EVERYDAY","YES",11,"DISAGREE","AGREE","DISAGREE","DISAGREE",10,0,0,2,"COLOMBIAN",21050,1,1,1,28
"40","H6C","BFB","M","MESTIZO",16.5833333333333,17.4319727891157,"UNKNOWN","CATHOLIC","AFEWTIMESPERYEAR","AFEWTIMESPERMONTH","YES",10,"DISAGREE","AGREE","DISAGREE","DISAGREE",10,139,0,0,"COLOMBIAN",23550,2,2,1,21
"41","HGG","DY8","M","MESTIZO",55,36.1323346757499,"UNKNOWN","CATHOLIC","AFEWTIMESPERMONTH","AFEWTIMESPERMONTH","YES",3,"DISAGREE","DISAGREE","DISAGREE","DISAGREE",8,139,0,2,"COLOMBIAN",22075,2,2,1,13
"42","HJX","C2T","F","MESTIZO",78.5,29.4784580498866,"UNKNOWN","CATHOLIC","ONCEPERWEEK","EVERYDAY","NO",1,"DONTKNOW","DISAGREE","DISAGREE","DISAGREE",8,10,0,11,"COLOMBIAN",5520,1,1,2,6
"43","HM9","MSB","M","MESTIZO",45.0833333333333,24.2791551882461,"UNKNOWN","SPIRITUAL","AFEWTIMESPERYEAR","AFEWTIMESPERWEEK","NO",7,"AGREE","DISAGREE","AGREE","DISAGREE",9,139,0,2,"COLOMBIAN",26950.2,2,2,2,5
"44","HRA","Q06","F","MESTIZO",50.3333333333333,25.9041295709471,"UNKNOWN","CATHOLIC","AFEWTIMESPERYEAR","AFEWTIMESPERWEEK","YES",5,"AGREE","DONTKNOW","DONTKNOW","DISAGREE",9,112,6,2,"COLOMBIAN",6014,2,2,1,6
"45","J0A","HR9","M","MESTIZO",40.25,30.4132231404959,"UNKNOWN","CATHOLIC","AFEWTIMESPERMONTH","EVERYDAY","YES",5,"DONTKNOW","DISAGREE","DISAGREE","DISAGREE",10,78,0,2,"COLOMBIAN",8910,2,1,1,16
"46","J3M","F91","M","MESTIZO",25.8333333333333,24.6221837490898,"UNKNOWN","SPIRITUAL","NEVER","NEVER","NO",13,"AGREE","DISAGREE","AGREE","AGREE",10,123,3,1,NA,8858,2,2,2,29
"47","JB1","G64","F","MESTIZO",16.9166666666667,24.7767952496903,"UNKNOWN","CHRISTIAN","AFEWTIMESPERMONTH","AFEWTIMESPERMONTH","NO",12,"DISAGREE","AGREE","AGREE","DISAGREE",9,86,3,0,NA,1942.1,2,2,2,6
"48","JC0","C6N","F","MESTIZO",32,20.1890722640602,"UNKNOWN","CATHOLIC","AFEWTIMESPERMONTH","AFEWTIMESPERWEEK","NO",11,"DISAGREE","DISAGREE","AGREE","DISAGREE",9,75,0,2,"COLOMBIAN",13160,2,2,2,4
"49","JD5","V8B","F","MESTIZO",39.75,23.7542060567217,"UNKNOWN","CATHOLIC","AFEWTIMESPERYEAR","EVERYDAY","NO",11,"AGREE","AGREE","AGREE","DISAGREE",8,3,0,3,NA,6637.1,2,1,2,7
"50","JTZ","J0W","M","MESTIZO",63.9166666666667,19.723865877712,"UNKNOWN","CATHOLIC","ONCEPERWEEK","EVERYDAY","YES",0,"AGREE","DISAGREE","AGREE","AGREE",9,122,5,0,"COLOMBIAN",2410,1,1,1,8
"51","JX3","HGB","F","MESTIZO",24,26.3841318830216,"UNKNOWN","CATHOLIC","AFEWTIMESPERYEAR","AFEWTIMESPERMONTH","YES",11,"DONTKNOW","DISAGREE","AGREE","DISAGREE",9,105,0,2,NA,2510,2,2,1,11
"52","K3J","DMD","F","MESTIZO",24.6666666666667,21.7152976893237,"UNKNOWN","CHRISTIAN","AFEWTIMESPERMONTH","AFEWTIMESPERMONTH","NO",17,"AGREE","DISAGREE","DISAGREE","DISAGREE",8,14,0,1,"COLOMBIAN",20582,2,2,2,48
"53","KKG","GA8","F","MESTIZO",42.75,23.6831717907109,"UNKNOWN","CATHOLIC","AFEWTIMESPERMONTH","AFEWTIMESPERMONTH","DONTKNOW",5,"DONTKNOW","DISAGREE","AGREE","DISAGREE",7,11,0,3,"COLOMBIAN",6033.8,2,2,2,14
"54","M03","XMM","F","MESTIZO",48.1666666666667,24.6221837490898,"UNKNOWN","CATHOLIC","ONCEPERWEEK","EVERYDAY","YES",7,"DISAGREE","DISAGREE","DISAGREE","DISAGREE",7,139,0,3,"COLOMBIAN",6860,1,1,1,3
"55","M9R","XNE","F","MESTIZO",6.41666666666667,16.0575259515571,"UNKNOWN","CATHOLIC","AFEWTIMESPERMONTH","EVERYDAY","YES",10,"DONTKNOW","DISAGREE","AGREE","AGREE",10,76,0,0,"COLOMBIAN",3370,2,1,1,38
"56","MB8","DMD","F","MESTIZO",72.4166666666667,25.2861700131357,"UNKNOWN","CHRISTIAN","ONCEPERWEEK","AFEWTIMESPERWEEK","NO",5,"AGREE","DISAGREE","DISAGREE","DISAGREE",9,139,0,1,"COLOMBIAN",20582,1,2,2,7
"57","N29","XBU","F","MESTIZO",28.0833333333333,24.9609375,"UNKNOWN","CATHOLIC","AFEWTIMESPERYEAR","AFEWTIMESPERWEEK","NO",11.5,"AGREE","DISAGREE","AGREE","AGREE",9,48,0,2,"COLOMBIAN",13393.1,2,2,2,8
"58","N78","XBU","M","MESTIZO",51.5833333333333,23.2816326530612,"UNKNOWN","CATHOLIC","AFEWTIMESPERYEAR","NEVER","YES",5,"DISAGREE","DONTKNOW","DISAGREE","DISAGREE",6,139,0,5,"COLOMBIAN",13393.1,2,2,1,14
"59","NED","YTH","F","MESTIZO",31.0833333333333,26.171875,"UNKNOWN","SPIRITUAL","NEVER","EVERYDAY","NO",11,"DONTKNOW","DISAGREE","DONTKNOW","DISAGREE",9,77,0,0,"VENEZUELAN",2400,2,1,2,2
"60","NK0","PZM","F","MESTIZO",62.3333333333333,28.5664819944598,"UNKNOWN","CATHOLIC","AFEWTIMESPERMONTH","AFEWTIMESPERMONTH","NO",5,"DISAGREE","AGREE","AGREE","AGREE",8,139,0,2,"COLOMBIAN",17020,2,2,2,2
"61","NND","DMD","F","MESTIZO",43.1666666666667,32.172373081464,"UNKNOWN","SPIRITUAL","NEVER","EVERYDAY","NO",16,"DISAGREE","DISAGREE","DISAGREE","DISAGREE",7,139,0,4,"COLOMBIAN",20582,2,1,2,11
"62","NS2","MTJ","M","MESTIZO",24.75,21.5610651974288,"UNKNOWN","NONE","NEVER","EVERYDAY","NO",9,"DONTKNOW","DISAGREE","AGREE","DISAGREE",0,0,0,1,"VENEZUELAN",3150,2,1,2,14
"63","NXT","JNH","M","MESTIZO",31.6666666666667,21.8339100346021,"UNKNOWN","NONE","AFEWTIMESPERMONTH","EVERYDAY","YES",5,"DONTKNOW","DISAGREE","DISAGREE","DISAGREE",10,127,0,2,"VENEZUELAN",11802,2,1,1,6
"64","NYW","FMS","M","MESTIZO",45.5833333333333,27.3702422145329,"UNKNOWN","CATHOLIC","AFEWTIMESPERMONTH","EVERYDAY","YES",11,"DONTKNOW","DISAGREE","DISAGREE","DISAGREE",9,96,5,2,"COLOMBIAN",29332,2,1,1,8
"65","NZA","FMS","M","MESTIZO",19.0833333333333,18.5493827160494,"UNKNOWN","CATHOLIC","AFEWTIMESPERYEAR","NEVER","NO",10.5,"DISAGREE","DISAGREE","DISAGREE","DISAGREE",10,125,2,0,"COLOMBIAN",29332,2,2,2,13
"66","P67","DMX","F","MESTIZO",17.9166666666667,28.3289047879985,"UNKNOWN","CATHOLIC","AFEWTIMESPERMONTH","EVERYDAY","YES",11,"DISAGREE","AGREE","AGREE","DISAGREE",10,131,3,0,NA,13610,2,1,1,26
"67","P6B","Q87","F","MESTIZO",44.25,19.7723765432099,"UNKNOWN","CATHOLIC","AFEWTIMESPERMONTH","AFEWTIMESPERWEEK","NO",4,"AGREE","DISAGREE","AGREE","DISAGREE",0,5,0,3,"COLOMBIAN",8560,2,2,2,6
"68","P6F","HGB","F","MESTIZO",19.75,18.6709343087944,"UNKNOWN","CATHOLIC","AFEWTIMESPERYEAR","NEVER","NO",11,"DONTKNOW","AGREE","DISAGREE","DISAGREE",10,110,0,0,"COLOMBIAN",2510,2,2,2,23
"69","P8M","BFB","M","MESTIZO",39.4166666666667,30.005952172543,"UNKNOWN","CATHOLIC","AFEWTIMESPERYEAR","EVERYDAY","YES",2,"DISAGREE","DISAGREE","DISAGREE","DISAGREE",10,128,0,3,"COLOMBIAN",23550,2,1,1,7
"70","PTP","M4G","F","MESTIZO",31.3333333333333,29.1337935568705,"UNKNOWN","CATHOLIC","AFEWTIMESPERMONTH","EVERYDAY","DONTKNOW",11,"DONTKNOW","AGREE","DISAGREE","DISAGREE",8,0,2,2,"COLOMBIAN",13600,2,1,2,2
"71","PUH","F9Y","F","MESTIZO",49.6666666666667,24.0078602246999,"UNKNOWN","CATHOLIC","AFEWTIMESPERMONTH","EVERYDAY","YES",5,"DISAGREE","DISAGREE","DISAGREE","AGREE",8,139,0,2,"COLOMBIAN",15751,2,1,1,3
"72","Q11","Y4S","F","MESTIZO",30,24.6221837490898,"UNKNOWN","CATHOLIC","AFEWTIMESPERMONTH","AFEWTIMESPERWEEK","YES",11,"DISAGREE","DISAGREE","DISAGREE","DISAGREE",10,112,0,3,"COLOMBIAN",4752,2,2,1,10
"73","Q6D","DD2","M","MESTIZO",47.5833333333333,25.7657134562346,"UNKNOWN","CATHOLIC","AFEWTIMESPERMONTH","EVERYDAY","YES",8,"AGREE","DISAGREE","DISAGREE","AGREE",7,119,0,3,"COLOMBIAN",12244,2,1,1,6
"74","QE2","SNB","M","MESTIZO",44.0833333333333,23.8472717664156,"UNKNOWN","CATHOLIC","AFEWTIMESPERMONTH","AFEWTIMESPERWEEK","YES",11,"DISAGREE","DISAGREE","DISAGREE","DISAGREE",9,6,0,3,"COLOMBIAN",12778,2,2,1,20
"75","RCU","N7W","F","MESTIZO",62.3333333333333,22.1640903686088,"UNKNOWN","CATHOLIC","AFEWTIMESPERMONTH","EVERYDAY","NO",5,"DONTKNOW","DISAGREE","AGREE","AGREE",10,13,0,1,"COLOMBIAN",3900,2,1,2,2
"76","RM0","F9Y","F","MESTIZO",19.6666666666667,23.0680507497116,"UNKNOWN","CATHOLIC","AFEWTIMESPERMONTH","EVERYDAY","NO",10.5,"DONTKNOW","DISAGREE","AGREE","AGREE",8,139,0,0,"COLOMBIAN",15751,2,1,2,28
"77","RR8","V8B","M","MESTIZO",68.8333333333333,25,"UNKNOWN","CATHOLIC","AFEWTIMESPERYEAR","EVERYDAY","NO",5,"AGREE","DISAGREE","AGREE","DISAGREE",2,3,0,2,"COLOMBIAN",6637.1,2,1,2,6
"78","RW0","SPW","F","MESTIZO",56.25,30.0401753104456,"UNKNOWN","CATHOLIC","NEVER","NEVER","NO",9,"AGREE","DISAGREE","DISAGREE","AGREE",2,139,1,0,"COLOMBIAN",7805,2,2,2,4
"79","S2J","A23","M","MESTIZO",25.25,22.9853975121687,"UNKNOWN","CATHOLIC","AFEWTIMESPERMONTH","AFEWTIMESPERMONTH","NO",11,"DISAGREE","DISAGREE","AGREE","AGREE",8,108,0,1,NA,12286,2,2,2,39
"80","S75","J4N","F","MESTIZO",19.0833333333333,20,"UNKNOWN","CHRISTIAN","AFEWTIMESPERYEAR","EVERYDAY","NO",11,"AGREE","DISAGREE","DONTKNOW","AGREE",10,123,3,0,"COLOMBIAN",3100.3,2,1,2,2
"81","SVV","HGB","F","MESTIZO",43.6666666666667,26.3979773944081,"UNKNOWN","CATHOLIC","AFEWTIMESPERYEAR","EVERYDAY","DONTKNOW",5,"DISAGREE","DISAGREE","DISAGREE","DISAGREE",10,140,0,4,NA,2510,2,1,2,7
"82","SY0","YTH","M","MESTIZO",40.75,25.4326859558726,"UNKNOWN","NONE","NEVER","NEVER","NO",6,"DISAGREE","AGREE","DISAGREE","DISAGREE",10,139,0,1,"VENEZUELAN",2400,2,2,2,20
"83","T3M","FJQ","F","MESTIZO",35.75,25.5937370619895,"UNKNOWN","JEHOVAHS WITNESS","MORETHANONCEPERWEEK","EVERYDAY","NO",20,"DONTKNOW","DISAGREE","DISAGREE","DISAGREE",10,123,3,3,"COLOMBIAN",23213,1,1,2,6
"84","T7P","RG6","F","MESTIZO",34.5833333333333,21.7554685336814,"UNKNOWN","CATHOLIC","AFEWTIMESPERYEAR","NEVER","NO",13,"DISAGREE","AGREE","AGREE","AGREE",8,139,0,3,"COLOMBIAN",13200,2,2,2,6
"85","TE6","Q87","F","MESTIZO",17.25,22.0260348632944,"UNKNOWN","CATHOLIC","AFEWTIMESPERMONTH","AFEWTIMESPERMONTH","NO",11,"DONTKNOW","DISAGREE","DISAGREE","DISAGREE",0,124,0,0,"COLOMBIAN",8560,2,2,2,19
"86","TXW","MSB","F","MESTIZO",46.0833333333333,24.0444444444444,"UNKNOWN","CATHOLIC","AFEWTIMESPERMONTH","EVERYDAY","YES",4,"DISAGREE","DISAGREE","AGREE","DISAGREE",5,46,0,3,"COLOMBIAN",26950.2,2,1,1,3
"87","UFK","BFB","F","MESTIZO",39.4166666666667,30.0888888888889,"UNKNOWN","CATHOLIC","AFEWTIMESPERYEAR","EVERYDAY","YES",5,"DONTKNOW","AGREE","DISAGREE","AGREE",10,139,0,3,"COLOMBIAN",23550,2,1,1,3
"88","UUP","SNB","F","MESTIZO",38.25,20.4924945184685,"UNKNOWN","CATHOLIC","AFEWTIMESPERMONTH","EVERYDAY","YES",11,"DONTKNOW","AGREE","DISAGREE","DISAGREE",10,5,0,3,NA,12778,2,1,1,3
"89","V2Q","XBU","F","MESTIZO",16.75,20.2754820936639,"UNKNOWN","CATHOLIC","AFEWTIMESPERMONTH","EVERYDAY","DONTKNOW",11,"DONTKNOW","AGREE","AGREE","AGREE",10,122,0,0,"COLOMBIAN",13393.1,2,1,2,33
"90","VEK","A3C","F","MESTIZO",39,30.6353834050627,"UNKNOWN","CATHOLIC","AFEWTIMESPERMONTH","EVERYDAY","YES",5,"DONTKNOW","DISAGREE","DISAGREE","DISAGREE",8,135,0,4,"COLOMBIAN",6001,2,1,1,5
"91","VZ8","F35","F","MESTIZO",40.4166666666667,25.390625,"UNKNOWN","CATHOLIC","AFEWTIMESPERMONTH","EVERYDAY","NO",5,"AGREE","DISAGREE","DISAGREE","DISAGREE",7,139,0,1,"COLOMBIAN",26780,2,1,2,5
"92","W2P","XMM","M","MESTIZO",56.4166666666667,22.5895514360501,"UNKNOWN","CATHOLIC","AFEWTIMESPERMONTH","AFEWTIMESPERMONTH","NO",5,"DONTKNOW","DONTKNOW","DONTKNOW","DONTKNOW",6,6,0,3,"COLOMBIAN",6860,2,2,2,10
"93","W2Z","GT5","F","MESTIZO",39.4166666666667,31.8194033861865,"UNKNOWN","CATHOLIC","AFEWTIMESPERMONTH","AFEWTIMESPERWEEK","NO",5,"DISAGREE","AGREE","AGREE","AGREE",0,12,0,3,"COLOMBIAN",10703,2,2,2,3
"94","W7X","DUE","F","MESTIZO",40.8333333333333,25,"UNKNOWN","CATHOLIC","AFEWTIMESPERYEAR","EVERYDAY","NO",5,"DONTKNOW","AGREE","DISAGREE","DISAGREE",5,129,0,2,"COLOMBIAN",14700,2,1,2,0
"95","WBQ","DD2","M","MESTIZO",19.9166666666667,25.4028160836116,"UNKNOWN","CATHOLIC","AFEWTIMESPERMONTH","AFEWTIMESPERWEEK","YES",10,"DONTKNOW","DONTKNOW","DISAGREE","DISAGREE",9,112,0,0,"COLOMBIAN",12244,2,2,1,7
"96","XU5","Z9F","F","MESTIZO",31.0833333333333,26.5625,"UNKNOWN","CATHOLIC","AFEWTIMESPERMONTH","EVERYDAY","NO",13,"DISAGREE","AGREE","DISAGREE","AGREE",10,112,0,NA,"COLOMBIAN",17330,2,1,2,7
"97","XW7","B8Y","M","MESTIZO",48.75,24.6221837490898,"UNKNOWN","CATHOLIC","NEVER","AFEWTIMESPERMONTH","NO",15,"DISAGREE","AGREE","AGREE","AGREE",5,0,2,3,NA,21050,2,2,2,3
"98","XXZ","F35","M","MESTIZO",44.9166666666667,29.2421086364365,"UNKNOWN","CATHOLIC","ONCEPERWEEK","EVERYDAY","NO",1,"AGREE","DISAGREE","DISAGREE","DISAGREE",10,139,0,1,"COLOMBIAN",26780,1,1,2,5
"99","XY6","WEZ","F","MESTIZO",54.1666666666667,27.0551508844953,"UNKNOWN","CATHOLIC","ONCEPERWEEK","EVERYDAY","NO",11,"DISAGREE","AGREE","DISAGREE","AGREE",8,139,0,3,"COLOMBIAN",19000,1,1,2,3
"100","YC6","N7W","F","MESTIZO",65.8333333333333,24.5484437637944,"UNKNOWN","CATHOLIC","AFEWTIMESPERYEAR","EVERYDAY","NO",5,"AGREE","DISAGREE","AGREE","DISAGREE",10,15,0,0,"COLOMBIAN",3900,2,1,2,3
"101","YDK","D9N","F","MESTIZO",62.25,31.3894114485353,"UNKNOWN","CATHOLIC","AFEWTIMESPERMONTH","NEVER","YES",4,"DISAGREE","DISAGREE","DISAGREE","DISAGREE",9,119,0,8,NA,11810,2,2,1,1
"102","YK2","D5R","M","MESTIZO",41.5833333333333,21.7192501143118,"UNKNOWN","CATHOLIC","AFEWTIMESPERMONTH","AFEWTIMESPERWEEK","NO",7,"DISAGREE","DISAGREE","DISAGREE","DISAGREE",10,89,0,NA,"COLOMBIAN",10630,2,2,2,23
"103","YMD","U60","M","MESTIZO",53.4166666666667,23.1472551213302,"UNKNOWN","CATHOLIC","NEVER","EVERYDAY","NO",16,"DONTKNOW","AGREE","AGREE","AGREE",10,3,0,3,"COLOMBIAN",13700,2,1,2,6
"104","YUT","XQR","F","MESTIZO",58.4166666666667,23.8054016620499,"UNKNOWN","CATHOLIC","AFEWTIMESPERMONTH","EVERYDAY","NO",2,"AGREE","DISAGREE","DONTKNOW","DONTKNOW",8,139,3,0,"COLOMBIAN",3800,2,1,2,2
"105","ZBB","V8B","F","MESTIZO",64.8333333333333,29.8461758311303,"UNKNOWN","CATHOLIC","ONCEPERWEEK","EVERYDAY","NO",5,"DISAGREE","DISAGREE","DISAGREE","DISAGREE",5,3,0,3,"COLOMBIAN",6637.1,1,1,2,10
"106","ZGZ","J0W","F","MESTIZO",48,24.1415192507804,"UNKNOWN","CATHOLIC","ONCEPERWEEK","EVERYDAY","YES",5,"DONTKNOW","DISAGREE","DISAGREE","DISAGREE",9,75,5,1,"COLOMBIAN",2410,1,1,1,0
"107","ZMM","D9N","F","MESTIZO",28,33.7837837837838,"UNKNOWN","CATHOLIC","AFEWTIMESPERMONTH","AFEWTIMESPERMONTH","DONTKNOW",11,"DONTKNOW","AGREE","AGREE","AGREE",8,67,0,2,"COLOMBIAN",11810,2,2,2,13
"108","ZT0","A23","F","MESTIZO",21.8333333333333,18.4672206832872,"UNKNOWN","CATHOLIC","AFEWTIMESPERMONTH","EVERYDAY","NO",16,"DISAGREE","DISAGREE","DISAGREE","AGREE",2,104,0,1,"COLOMBIAN",12286,2,1,2,52
"109","ZZJ","N7W","F","MESTIZO",44.75,22.6378352062964,"UNKNOWN","CATHOLIC","AFEWTIMESPERYEAR","EVERYDAY","NO",5,"AGREE","DISAGREE","DISAGREE","DISAGREE",10,9,0,0,"COLOMBIAN",3900,2,1,2,1
"110","Q1C","G64","F","MESTIZO",44.25,24.9989035568615,"UNKNOWN","CATHOLIC","AFEWTIMESPERMONTH","EVERYDAY","YES",5,"DISAGREE","DISAGREE","AGREE","DISAGREE",NA,NA,NA,4,"COLOMBIAN",1942.1,2,1,1,0
"111","SBR","G64","M","MESTIZO",47.1666666666667,27.0992510068125,"UNKNOWN","CATHOLIC","AFEWTIMESPERYEAR","EVERYDAY","YES",4,"AGREE","DISAGREE","DISAGREE","DISAGREE",NA,NA,NA,4,NA,1942.1,2,1,1,5
"112","B3Q","Z9F","M","MESTIZO",40.75,29.757785467128,"UNKNOWN","CATHOLIC","AFEWTIMESPERMONTH","AFEWTIMESPERMONTH","YES",8,"DISAGREE","DISAGREE","DISAGREE","DISAGREE",NA,NA,NA,2,"COLOMBIAN",17330,2,2,1,11
"113","M05","QNE","M","MESTIZO",32.75,19.9183673469388,"UNKNOWN","SPIRITUAL","NEVER","EVERYDAY","UNKNOWN",16,"AGREE","AGREE","AGREE","AGREE",NA,NA,NA,0,"COLOMBIAN",9641.9,2,1,2,9
"114","EF6","G64","F","MESTIZO",18.1666666666667,29.9967126890204,"UNKNOWN","CATHOLIC","AFEWTIMESPERYEAR","EVERYDAY","NO",6,"DISAGREE","AGREE","AGREE","DISAGREE",NA,NA,NA,1,NA,1942.1,2,1,2,27
"115","DAQ","FMS","F","MESTIZO",24.75,18.1705952702442,"UNKNOWN","CATHOLIC","AFEWTIMESPERYEAR","AFEWTIMESPERMONTH","NO",12,"DISAGREE","DISAGREE","DISAGREE","AGREE",NA,NA,NA,2,"COLOMBIAN",29332,2,2,2,19
"116","A05","JNH","M","MESTIZO",33.6666666666667,27.2979384543419,"UNKNOWN","NONE","NEVER","NEVER","YES",6,"AGREE","DISAGREE","AGREE","DISAGREE",NA,NA,NA,1,"VENEZUELAN",11802,2,2,1,4
"117","BGQ","BHH","M","MESTIZO",42.1666666666667,30.4866850321396,"UNKNOWN","NONE","NEVER","EVERYDAY","YES",6,"DONTKNOW","DISAGREE","DISAGREE","DISAGREE",NA,NA,NA,3,"VENEZUELAN",2849,2,1,1,4
"118","VDE","D5T","M","MESTIZO",39.4166666666667,24.6221837490898,"UNKNOWN","UNKNOWN","UNKNOWN","UNKNOWN","UNKNOWN",10.5,"AGREE","AGREE","AGREE","AGREE",NA,NA,NA,1,NA,16610,2,2,2,15
"119","NAM","EX1","F","MESTIZO",21.5,21.875,"UNKNOWN","CATHOLIC","AFEWTIMESPERYEAR","NEVER","DONTKNOW",13,"DONTKNOW","DISAGREE","DISAGREE","DISAGREE",NA,NA,NA,2,"COLOMBIAN",5606,2,2,2,3
"120","HU4","AHN","M","MESTIZO",52.5,23.2550186382135,"UNKNOWN","CATHOLIC","MORETHANONCEPERWEEK","EVERYDAY","NO",11,"AGREE","DISAGREE","DISAGREE","AGREE",NA,NA,NA,3,"COLOMBIAN",13800,1,1,2,13
"121","D76","P9G","F","MESTIZO",17.5833333333333,21.0961905148282,"UNKNOWN","CATHOLIC","AFEWTIMESPERMONTH","AFEWTIMESPERWEEK","NO",11,"DISAGREE","DISAGREE","AGREE","DISAGREE",NA,NA,NA,0,"COLOMBIAN",42886,2,2,2,26
"122","A87","BHH","M","MESTIZO",49.3333333333333,28.9590001524158,"UNKNOWN","NONE","NEVER","EVERYDAY","YES",6,"AGREE","DISAGREE","DISAGREE","AGREE",NA,NA,NA,3,"VENEZUELAN",2849,2,1,1,1
"123","R13","P9G","M","MESTIZO",45.6666666666667,30.7893990929705,"UNKNOWN","CATHOLIC","AFEWTIMESPERYEAR","NEVER","NO",5,"DISAGREE","AGREE","DISAGREE","AGREE",NA,NA,NA,6,"COLOMBIAN",42886,2,2,2,12
"124","G3R","XFR","F","MESTIZO",65.5,22.2222222222222,"UNKNOWN","CATHOLIC","AFEWTIMESPERMONTH","EVERYDAY","NO",2,"DISAGREE","DISAGREE","DISAGREE","DISAGREE",NA,NA,NA,4,"COLOMBIAN",4907,2,1,2,4
"125","CTJ","QNE","M","MESTIZO",29.6666666666667,21.2002540116588,"UNKNOWN","CHRISTIAN","NEVER","EVERYDAY","NO",20,"AGREE","AGREE","AGREE","AGREE",NA,NA,NA,0,"COLOMBIAN",9641.9,2,1,2,12
"126","R3M","P9G","F","MESTIZO",45.8333333333333,27.9708636836628,"UNKNOWN","CATHOLIC","AFEWTIMESPERYEAR","EVERYDAY","NO",11,"DISAGREE","DISAGREE","AGREE","DISAGREE",NA,NA,NA,1,"COLOMBIAN",42886,2,1,2,4
"127","U4B","D9Y","F","MESTIZO",23.6666666666667,20.1950922115531,"UNKNOWN","CATHOLIC","AFEWTIMESPERMONTH","EVERYDAY","NO",12,"DISAGREE","DISAGREE","AGREE","DISAGREE",NA,NA,NA,0,"COLOMBIAN",9440,2,1,2,10
"128","YAH","DWY","F","MESTIZO",47,26.9127258746636,"UNKNOWN","CATHOLIC","AFEWTIMESPERYEAR","EVERYDAY","YES",5,"AGREE","AGREE","DISAGREE","DISAGREE",NA,NA,NA,2,"COLOMBIAN",8370,2,1,1,0
"129","R5A","BHH","M","MESTIZO",29.25,28.7104793249536,"UNKNOWN","NONE","AFEWTIMESPERYEAR","EVERYDAY","YES",14,"AGREE","DISAGREE","DISAGREE","AGREE",NA,NA,NA,0,"VENEZUELAN",2849,2,1,1,15
"130","DFN","V8B","M","MESTIZO",17.8333333333333,21.8699296917253,"UNKNOWN","CATHOLIC","AFEWTIMESPERYEAR","AFEWTIMESPERWEEK","NO",8,"DONTKNOW","DISAGREE","DISAGREE","DONTKNOW",NA,NA,NA,0,"COLOMBIAN",6637.1,2,2,2,42
"131","XZ8","DY8","M","MESTIZO",24.8333333333333,25.3515413737155,"UNKNOWN","SPIRITUAL","AFEWTIMESPERYEAR","NEVER","NO",16,"AGREE","AGREE","AGREE","AGREE",NA,NA,NA,NA,"COLOMBIAN",22075,2,2,2,24
"132","H9A","XMM","M","MESTIZO",22.25,23.9394809920521,"UNKNOWN","CATHOLIC","AFEWTIMESPERMONTH","AFEWTIMESPERMONTH","NO",16,"AGREE","DISAGREE","AGREE","DISAGREE",NA,NA,NA,0,NA,6860,2,2,2,13
"133","PPB","HT7","M","MESTIZO",50.5,24.2239967924087,"UNKNOWN","CATHOLIC","AFEWTIMESPERMONTH","AFEWTIMESPERWEEK","YES",5,"DISAGREE","DISAGREE","DISAGREE","AGREE",NA,NA,NA,1,"COLOMBIAN",3020,2,2,1,1
"134","YGY","A3C","M","MESTIZO",25.9166666666667,21.5497149413747,"UNKNOWN","SPIRITUAL","AFEWTIMESPERMONTH","AFEWTIMESPERWEEK","YES",11,"AGREE","AGREE","DISAGREE","AGREE",NA,NA,NA,2,"COLOMBIAN",6001,2,2,1,17
"135","H27","QNE","F","MESTIZO",23.8333333333333,25.4028160836116,"UNKNOWN","SPIRITUAL","NEVER","UNKNOWN","UNKNOWN",18,"AGREE","AGREE","AGREE","AGREE",NA,NA,NA,0,NA,9641.9,2,2,2,7
"136","PG3","P3X","F","MESTIZO",20.6666666666667,21.102580918946,"UNKNOWN","CATHOLIC","AFEWTIMESPERMONTH","AFEWTIMESPERWEEK","NO",11.5,"DISAGREE","DISAGREE","DISAGREE","DISAGREE",NA,NA,NA,0,"COLOMBIAN",17365,2,2,2,13
